iter	RMSE
0	7.237245167
1	7.096156992
2	6.967518761
3	6.8317415
4	6.697723434
5	6.57164814
6	6.447786849
7	6.321508582
8	6.216493207
9	6.106382467
